{"cameraMode":{"drawMode":0,"name":"Shaded","section":"Shading Mode"},"sceneLighting":false,"audioPlay":false,"sceneViewState":{"showFog":false,"showMaterialUpdate":false,"showSkybox":false,"showFlares":false,"showImageEffects":false,"showParticleSystems":false},"in2DMode":false,"pivot":{"x":-0.026080608367919923,"y":0.2052099108695984,"z":-0.032176822423934939},"rotation":{"x":-0.22286608815193177,"y":0.48699215054512026,"z":-0.1300724744796753,"w":-0.8344186544418335},"size":7.1707305908203129,"orthographic":true}