{"cameraMode":{"drawMode":0,"name":"Shaded","section":"Shading Mode"},"sceneLighting":false,"audioPlay":false,"sceneViewState":{"showFog":false,"showMaterialUpdate":false,"showSkybox":false,"showFlares":false,"showImageEffects":false,"showParticleSystems":false},"in2DMode":false,"pivot":{"x":-0.48085904121398928,"y":-2.235964775085449,"z":0.4832429885864258},"rotation":{"x":0.6374008655548096,"y":0.08544797450304032,"z":-0.07142636924982071,"w":0.7624572515487671},"size":7.071067810058594,"orthographic":false}