{"cameraMode":{"drawMode":0,"name":"Shaded","section":"Shading Mode"},"sceneLighting":false,"audioPlay":false,"sceneViewState":{"showFog":false,"showMaterialUpdate":false,"showSkybox":false,"showFlares":false,"showImageEffects":false,"showParticleSystems":false},"in2DMode":false,"pivot":{"x":0.7619131803512573,"y":0.19620612263679505,"z":-1.0735950469970704},"rotation":{"x":0.0245415810495615,"y":0.930011510848999,"z":-0.06314711272716522,"w":0.3612648844718933},"size":0.7911278605461121,"orthographic":false}