{"cameraMode":{"drawMode":0,"name":"Shaded","section":"Shading Mode"},"sceneLighting":true,"audioPlay":false,"sceneViewState":{"showFog":false,"showMaterialUpdate":false,"showSkybox":false,"showFlares":false,"showImageEffects":false,"showParticleSystems":false},"in2DMode":false,"pivot":{"x":0.8838107585906982,"y":-99.34674835205078,"z":1.5910911560058594},"rotation":{"x":0.729026198387146,"y":-0.0010266981553286315,"z":0.0010934972669929267,"w":0.6844861507415772},"size":6.479772090911865,"orthographic":false}